DATE,SERIES,OPEN,HIGH,LOW,PREV. CLOSE,LTP,CLOSE,VWAP,52W H,52W L,VOLUME,VALUE,NO OF TRADES,SYMBOL
2025-09-09,EQ,999.1,1003.5,991,995.05,997.15,998.55,997.24,1388,774.05,367931,366916909.75,19429,PREMIERENE
2025-09-08,EQ,1004,1017,993,1000.25,996.95,995.05,1002.65,1388,774.05,456144,457354940.15,21611,PREMIERENE
2025-09-05,EQ,1012,1015.7,996.5,1012.5,1000.85,1000.25,1002,1388,774.05,433772,434638337.6,20077,PREMIERENE
2025-09-04,EQ,1040,1040,1004.3,1025.05,1010,1012.5,1017.35,1388,774.05,494240,502817307.8,23137,PREMIERENE
2025-09-03,EQ,1029,1034.1,1017,1020.25,1025,1025.05,1026.21,1388,774.05,689435,707502710.35,32413,PREMIERENE
2025-09-02,EQ,1049.95,1073.95,1018,1036.35,1020.5,1020.25,1050.35,1388,774.05,2124192,2231155220.6,72531,PREMIERENE
2025-09-01,EQ,996,1042,994.05,994.1,1036,1036.35,1023.69,1388,774.05,1975967,2022770810.15,67230,PREMIERENE
2025-08-29,EQ,1005,1015.2,990,1002.6,990.7,994.1,1003.15,1388,774.05,699568,701772248.6,28823,PREMIERENE
2025-08-28,EQ,1002,1030,996.4,1011.2,1003.5,1002.6,1011.31,1388,774.05,767641,776320673.4,37276,PREMIERENE
2025-08-26,EQ,1004,1019,981.3,1003.9,1007,1011.2,1003.82,1388,774.05,1429245,1434709037.7,42606,PREMIERENE
2025-08-25,EQ,1011,1019,989,1008.6,1004,1003.9,999.59,1388,774.05,713970,713676388.2,42012,PREMIERENE
2025-08-22,EQ,1036.1,1045,1006,1022.7,1010,1008.6,1020.59,1388,774.05,588091,600201281.5,26256,PREMIERENE
2025-08-21,EQ,1036.9,1055,1015.8,1037.5,1026,1022.7,1034.4,1388,774.05,1071305,1108158392.6,49280,PREMIERENE
2025-08-20,EQ,1025.2,1045,1025.2,1026.6,1036.9,1037.5,1037.13,1388,774.05,541295,561392060.3,32031,PREMIERENE
2025-08-19,EQ,1003,1032,1002.8,998.6,1025.9,1026.6,1020.49,1388,774.05,832833,849896604.1,32785,PREMIERENE
2025-08-18,EQ,1002.2,1028.9,992.4,986.3,998.6,998.6,1008.69,1388,774.05,744295,750760534.1,32632,PREMIERENE
2025-08-14,EQ,1001,1001.6,981,999.1,982.7,986.3,991.43,1388,774.05,625328,619970508.8,26535,PREMIERENE
2025-08-13,EQ,1019,1023.8,989,1017.1,1001,999.1,1000.82,1388,774.05,570597,571063312.1,28163,PREMIERENE
2025-08-12,EQ,1013,1022.9,998.5,1003.6,1014.9,1017.1,1014.37,1388,774.05,576046,584323080.4,27268,PREMIERENE
2025-08-11,EQ,985.1,1005.7,982.2,984.9,1003.3,1003.6,994.98,1388,774.05,343262,341540239,16693,PREMIERENE
2025-08-08,EQ,993.5,995.2,975.5,990.6,985.5,984.9,983.32,1388,774.05,508055,499582527,24726,PREMIERENE
2025-08-07,EQ,1002.6,1010,983.2,1003.6,991.6,990.6,994.35,1388,774.05,673330,669528344.9,33528,PREMIERENE
2025-08-06,EQ,999.3,1013.3,995.1,997.3,1005,1003.6,1004.09,1388,774.05,959399,963320595.2,36911,PREMIERENE
2025-08-05,EQ,1022,1034.3,995,1019.3,997,997.3,1009.09,1388,774.05,751121,757945845.8,34801,PREMIERENE
2025-08-04,EQ,1019,1027,1008.1,1010.3,1023.9,1019.3,1018.38,1388,774.05,556788,567020740,21441,PREMIERENE
2025-08-01,EQ,1035,1042,1005,1032.1,1008,1010.3,1024.58,1388,774.05,995959,1020438854,34281,PREMIERENE
2025-07-31,EQ,1049,1054.7,1027.3,1070.2,1032.1,1032.1,1038.59,1388,774.05,1317747,1368600934.2,45509,PREMIERENE
2025-07-30,EQ,1060.2,1099.9,1060,1052.6,1065,1070.2,1080.19,1388,774.05,2521530,2723722871.5,69733,PREMIERENE
2025-07-29,EQ,1053,1076,1041.3,1053.4,1050.7,1052.6,1058.23,1388,774.05,1034729,1094977356.8,44087,PREMIERENE
2025-07-28,EQ,1094,1094,1043.1,1089.1,1050.8,1053.4,1064.11,1388,774.05,1705083,1814401952.6,71259,PREMIERENE
2025-07-25,EQ,1101,1122.7,1081,1101.6,1084.7,1089.1,1097.49,1388,774.05,1287661,1413189935.2,38247,PREMIERENE
2025-07-24,EQ,1097,1106,1076.4,1089.9,1105,1101.6,1093.88,1388,774.05,1047522,1145864223.4,40102,PREMIERENE
2025-07-23,EQ,1053,1106,1040.4,1051.8,1090.7,1089.9,1079.27,1388,774.05,2090848,2256599596.2,62548,PREMIERENE
2025-07-22,EQ,1056.6,1058.6,1036,1053.2,1050.2,1051.8,1049.16,1388,774.05,469723,492812913.1,18859,PREMIERENE
2025-07-21,EQ,1059,1059.8,1040,1058.4,1051,1053.2,1050.93,1388,774.05,719374,756009589.1,29481,PREMIERENE
2025-07-18,EQ,1078,1091,1051,1080.3,1054,1058.4,1069.42,1388,774.05,664307,710420961.1,24247,PREMIERENE
2025-07-17,EQ,1079.3,1091,1073.5,1076.6,1078.4,1080.3,1081.03,1388,774.05,594120,642261241.3,21140,PREMIERENE
2025-07-16,EQ,1074.4,1088.4,1061.1,1072,1076,1076.6,1075.73,1388,774.05,773697,832286352,28405,PREMIERENE
2025-07-15,EQ,1115.3,1136.4,1065.1,1108.8,1071,1072,1095.59,1388,774.05,1679896,1840478486.3,55032,PREMIERENE
2025-07-14,EQ,1101.9,1125,1095,1105,1109.9,1108.8,1109.15,1388,774.05,1414251,1568615348.1,42320,PREMIERENE
2025-07-11,EQ,1118,1119.4,1072.1,1115.8,1099.3,1105,1096.07,1388,774.05,1731845,1898215680.8,60736,PREMIERENE
2025-07-10,EQ,1080,1118.9,1079,1074.1,1114,1115.8,1105.97,1388,774.05,3330878,3683857033.5,94050,PREMIERENE
2025-07-09,EQ,1058.2,1094,1053.6,1056.6,1080.7,1074.1,1076.73,1388,774.05,2440011,2627225473.9,68843,PREMIERENE
2025-07-08,EQ,1042.1,1062,1039,1042,1056.6,1056.6,1052.13,1388,774.05,939243,988208002.3,30104,PREMIERENE
2025-07-07,EQ,1057.7,1057.7,1031,1058.3,1040,1042,1041.48,1388,774.05,652701,679773893.8,20987,PREMIERENE
2025-07-04,EQ,1054.5,1071,1045.1,1053.1,1055,1058.3,1059.6,1388,774.05,874030,926123635.9,25658,PREMIERENE
2025-07-03,EQ,1056.5,1067,1049.5,1056.3,1053.9,1053.1,1057.97,1388,774.05,615375,651050294.6,17635,PREMIERENE
2025-07-02,EQ,1075,1075.8,1037.6,1056.9,1055,1056.3,1055.45,1388,774.05,968665,1022375734.6,24158,PREMIERENE
2025-07-01,EQ,1063,1079.8,1046.6,1061.1,1056.2,1056.9,1062.98,1388,774.05,4062932,4318823369.5,55763,PREMIERENE
2025-06-30,EQ,1050.5,1072.4,1046.6,1044.5,1061,1061.1,1060.79,1388,774.05,1488434,1578918486.4,48404,PREMIERENE
2025-06-27,EQ,1054,1057,1035.2,1043.9,1045,1044.5,1046.77,1388,774.05,1165501,1220014350.9,38950,PREMIERENE
2025-06-26,EQ,1033,1053,1020,1019,1045,1043.9,1039.5,1388,774.05,1922143,1998061400.3,50903,PREMIERENE
2025-06-25,EQ,1025.9,1042.7,1007,1021.4,1019.9,1019,1021.62,1388,774.05,1174584,1199978399.2,51771,PREMIERENE
2025-06-24,EQ,1030,1043,1017.3,1019.3,1021.9,1021.4,1028.64,1388,774.05,1270187,1306565783.7,42047,PREMIERENE
2025-06-23,EQ,1015.7,1028.6,1010.2,1028.4,1017.7,1019.3,1018.58,1388,774.05,805813,820786072.7,22689,PREMIERENE
2025-06-20,EQ,984,1033,983.3,968,1028,1028.4,1016.92,1388,774.05,7130636,7251320538.9,185785,PREMIERENE
2025-06-19,EQ,1000,1004.9,958.1,1000.3,966,968,974.52,1388,774.05,1753884,1709199874.8,68147,PREMIERENE
2025-06-18,EQ,1003,1020.4,985.1,1005.1,995,1000.3,998.78,1388,774.05,1587234,1585301550.2,54717,PREMIERENE
2025-06-17,EQ,1030,1032.7,1001.2,1031.1,1002.9,1005.1,1013.47,1388,774.05,1358617,1376914970.4,44738,PREMIERENE
2025-06-16,EQ,1011.9,1038.3,990.2,1011.9,1029,1031.1,1021.58,1388,774.05,2166409,2213149819.1,64548,PREMIERENE
2025-06-13,EQ,1001,1039.4,990.2,1024.2,1010,1011.9,1013.08,1388,774.05,5390732,5461228863.3,107498,PREMIERENE
2025-06-12,EQ,1058,1060,1018.2,1058,1021,1024.2,1030.76,1388,774.05,3829757,3947571207.4,100739,PREMIERENE
2025-06-11,EQ,1086,1099,1053.5,1084.4,1057.2,1058,1071.85,1388,774.05,4353608,4666396208.4,92042,PREMIERENE
2025-06-10,EQ,1093,1119.8,1076.1,1062.2,1082.8,1084.4,1096.63,1388,774.05,7194948,7890192287.3,170396,PREMIERENE
2025-06-09,EQ,1060.1,1083.9,1053.6,1053.7,1080,1062.2,1064.85,1388,774.05,3899155,4152006531.6,57360,PREMIERENE
2025-06-06,EQ,1051,1066,1050.5,1048.9,1055,1053.7,1056.25,1388,774.05,596606,630167026.6,22411,PREMIERENE
2025-06-05,EQ,1060,1070,1046.2,1058,1046.5,1048.9,1056.06,1388,774.05,504032,532287831.9,21398,PREMIERENE
2025-06-04,EQ,1080,1091.9,1052,1082.7,1056,1058,1074.6,1388,774.05,1494012,1605461889.7,33978,PREMIERENE
2025-06-03,EQ,1082,1098,1063,1077.3,1080,1082.7,1084.26,1388,774.05,844740,915915397.6,34484,PREMIERENE
2025-06-02,EQ,1063.9,1085,1046,1061.6,1079.7,1077.3,1069.83,1388,774.05,1153034,1233545422.8,35683,PREMIERENE
2025-05-30,EQ,1074,1085.1,1053.55,1063.85,1059,1061.6,1070.43,1388,774.05,609091,651989518.95,28425,PREMIERENE
2025-05-29,EQ,1049.65,1090.9,1045,1040.45,1063.6,1063.85,1070.55,1388,774.05,1375983,1473060265,63617,PREMIERENE
2025-05-28,EQ,1046,1064,1036.15,1037.2,1038.2,1040.45,1048.32,1388,774.05,541962,568150623.2,24045,PREMIERENE
2025-05-27,EQ,1043,1056,1035,1043.7,1038,1037.2,1042.95,1388,774.05,404588,421963486.55,18316,PREMIERENE
2025-05-26,EQ,1062,1065.3,1040,1062.25,1041,1043.7,1053.36,1388,774.05,594346,626060366.55,26486,PREMIERENE
2025-05-23,EQ,1050,1078,1022,1083.5,1058,1062.25,1050.79,1388,774.05,2141228,2249973731.05,75153,PREMIERENE
2025-05-22,EQ,1082,1094.7,1066,1083.1,1076.8,1083.5,1078.93,1388,774.05,808378,872184020.45,29632,PREMIERENE
2025-05-21,EQ,1068,1092,1048,1068,1076.5,1083.1,1069.64,1388,774.05,1229670,1315302269.45,46839,PREMIERENE
2025-05-20,EQ,1107.4,1111,1048.1,1090.1,1060.95,1068,1075.14,1388,774.05,1753110,1884839688.85,66223,PREMIERENE
2025-05-19,EQ,1135,1163.9,1081,1125.95,1089.8,1090.1,1117.24,1388,774.05,4233448,4729757926.2,126747,PREMIERENE
2025-05-16,EQ,1047,1135,1040.55,1035.7,1135,1125.95,1099.35,1388,774.05,4261946,4685390095.75,138895,PREMIERENE
2025-05-15,EQ,1025,1040,1007,1019.9,1036.85,1035.7,1025.07,1388,774.05,1141349,1169966611,37401,PREMIERENE
2025-05-14,EQ,1027.4,1036,1009.15,1019.55,1015,1019.9,1021.93,1388,774.05,1098889,1122985045.7,47794,PREMIERENE
2025-05-13,EQ,990,1025,985.3,990.55,1018.2,1019.55,1009.7,1388,774.05,878350,886869416.3,40562,PREMIERENE
2025-05-12,EQ,990,998.5,979,945.65,988,990.55,988.34,1388,774.05,623227,615958843.6,29151,PREMIERENE
2025-05-09,EQ,922,954,917.05,944.7,954,945.65,933.6,1388,774.05,765949,715093061.85,40960,PREMIERENE
2025-05-08,EQ,958.1,984,940,954.7,940,944.7,962.99,1388,774.05,1060110,1020879519.15,49905,PREMIERENE
2025-05-07,EQ,925,968.95,924.1,950.75,954.95,954.7,953.92,1388,774.05,899946,858473677.15,45067,PREMIERENE
2025-05-06,EQ,991,997.05,940,990,943.95,950.75,964.55,1388,774.05,830976,801520951.7,45115,PREMIERENE
2025-05-05,EQ,999.7,1019,985.05,999.3,987,990,1002.27,1388,774.05,892806,894835984.6,42135,PREMIERENE
2025-05-02,EQ,977.7,1007,967,982,1001.05,999.3,986.61,1388,774.05,744710,734741808.75,35532,PREMIERENE
2025-04-30,EQ,1005.9,1009.35,970.8,1002.05,975,982,991.94,1388,774.05,739967,734003631.95,35315,PREMIERENE
2025-04-29,EQ,1015.2,1024,998.65,1008.85,1000.95,1002.05,1009.48,1388,774.05,709485,716213723.8,32519,PREMIERENE
2025-04-28,EQ,989.65,1017,969.7,989.35,1010.15,1008.85,1000.12,1388,774.05,1124722,1124859502.85,51398,PREMIERENE
2025-04-25,EQ,1035,1057.4,982,1037.25,985,989.35,1010.02,1388,774.05,2037791,2058216729.95,82753,PREMIERENE
2025-04-24,EQ,1067,1067,1034.05,1068.7,1035.7,1037.25,1049.28,1388,774.05,1289073,1352595341.85,51475,PREMIERENE
2025-04-23,EQ,1060,1097.7,1026.9,1026.9,1071,1068.7,1066.99,1388,774.05,6480548,6914674750.85,167219,PREMIERENE
2025-04-22,EQ,1036.85,1090,1015,1009.4,1026,1026.9,1053.94,1388,774.05,6168704,6501469340.15,190906,PREMIERENE
2025-04-21,EQ,974,1014.5,963.85,967.25,1009,1009.4,991.25,1388,774.05,1509969,1496751082.2,51999,PREMIERENE
2025-04-17,EQ,940,974.85,936.8,940.75,964,967.25,959.37,1388,774.05,1554139,1491000267.15,61929,PREMIERENE
2025-04-16,EQ,929,945.1,913.55,929.15,937,940.75,932.73,1388,774.05,1105970,1031570969.6,43937,PREMIERENE
2025-04-15,EQ,905,932,901.15,892.95,929.2,929.15,920.07,1388,774.05,1326160,1220164200.5,49415,PREMIERENE
2025-04-11,EQ,875,895,867.6,854.15,889.85,892.95,882.66,1388,774.05,813505,718051179.95,38525,PREMIERENE
2025-04-09,EQ,849,864,827.6,847.55,849.9,854.15,845.3,1388,774.05,941301,795678288.2,48714,PREMIERENE
2025-04-08,EQ,873.15,879.75,842.55,843.15,847,847.55,856.61,1388,774.05,705939,604711931.95,36849,PREMIERENE
2025-04-07,EQ,776,864,774.05,879.25,860,843.15,821.03,1388,774.05,1040472,854263845.85,68302,PREMIERENE
2025-04-04,EQ,890,896,840,894.4,876.95,879.25,867.63,1388,802.1,1554324,1348585377.3,77434,PREMIERENE
2025-04-03,EQ,880,905.85,877.35,889.8,896.95,894.4,893.43,1388,802.1,513686,458944371.95,27849,PREMIERENE
2025-04-02,EQ,895,896.35,883.35,910,888,889.8,890.55,1388,802.1,738005,657229423.4,30677,PREMIERENE
2025-04-01,EQ,924,935.65,908,937.95,908.9,910,920.72,1388,802.1,579415,533481729.4,26823,PREMIERENE
2025-03-28,EQ,948.95,952.4,930.25,948.6,933,937.95,942.74,1388,802.1,1075416,1013838346.25,50762,PREMIERENE
2025-03-27,EQ,896.05,961.3,883.3,898.2,944,948.6,929.24,1388,802.1,2075003,1928168539.1,84415,PREMIERENE
2025-03-26,EQ,915,918.65,891,910.05,893,898.2,903.87,1388,802.1,886027,800853508.65,31560,PREMIERENE
2025-03-25,EQ,927.1,941.8,905.4,921.25,909,910.05,922.74,1388,802.1,2023075,1866778087.15,87562,PREMIERENE
2025-03-24,EQ,928.7,934.95,912.1,915.7,918.5,921.25,921.45,1388,802.1,1261491,1162395815.35,42015,PREMIERENE
2025-03-21,EQ,952,952,900.9,947.95,915,915.7,917.47,1388,802.1,7125588,6537484221.4,180937,PREMIERENE
2025-03-20,EQ,936,953.9,928.3,930.7,946,947.95,941.5,1388,802.1,902891,850071192.85,44963,PREMIERENE
2025-03-19,EQ,896.95,937.5,896,894.2,930.8,930.7,922.94,1388,802.1,1049924,969012841.25,51554,PREMIERENE
2025-03-18,EQ,900,903.9,885.1,887.95,894.8,894.2,892.89,1388,802.1,803886,717784818.05,47043,PREMIERENE
2025-03-17,EQ,890.6,919,883.3,888.15,889,887.95,901.11,1388,802.1,1373666,1237825961.45,41001,PREMIERENE
2025-03-13,EQ,900,907,881.9,895.25,887,888.15,891.15,1388,802.1,509422,453972597.05,29459,PREMIERENE
2025-03-12,EQ,916,919.95,890.45,911.55,893.5,895.25,901.26,1388,802.1,413414,372595201.15,25707,PREMIERENE
2025-03-11,EQ,883.4,915.9,878.8,897.15,914.9,911.55,903.51,1388,802.1,1048513,947337365.5,56665,PREMIERENE
2025-03-10,EQ,940,948.75,890,940.45,896,897.15,913.34,1388,802.1,624450,570334242.55,38635,PREMIERENE
2025-03-07,EQ,921,959.6,919,923.2,940,940.45,945.39,1388,802.1,1080186,1021194946.4,52547,PREMIERENE
2025-03-06,EQ,910.5,926.85,905.55,901.35,921,923.2,916.5,1388,802.1,1154720,1058296937.15,63546,PREMIERENE
2025-03-05,EQ,861.3,946,859.35,857.5,902.45,901.35,910.8,1388,802.1,2479725,2258522401.25,110818,PREMIERENE
2025-03-04,EQ,844.95,882,838,855.7,858.9,857.5,861.79,1388,802.1,831012,716158771.5,55238,PREMIERENE
2025-03-03,EQ,878,884.6,827.1,873.3,852,855.7,852.66,1388,802.1,2212033,1886112252.8,93025,PREMIERENE
2025-02-28,EQ,875,906,840.15,924.3,872,873.3,881.13,1388,802.1,3020606,2661540480.7,92225,PREMIERENE
2025-02-27,EQ,952.9,953.55,907.35,945.15,921,924.3,922.38,1388,802.1,744649,686847233.8,42898,PREMIERENE
2025-02-25,EQ,945,963.45,942.55,940.4,947,945.15,950.95,1388,802.1,516657,491314536.2,29219,PREMIERENE
2025-02-24,EQ,954,964.4,936.2,970.85,942,940.4,948.89,1388,802.1,753520,715008797.7,44178,PREMIERENE
2025-02-21,EQ,982.7,998,959,986.15,970,970.85,974.4,1388,802.1,858321,836348795.75,46311,PREMIERENE
2025-02-20,EQ,990,1018.35,980,999.9,982.7,986.15,999.97,1388,802.1,870348,870322312.15,43821,PREMIERENE
2025-02-19,EQ,970,1012,959.4,979.65,996,999.9,997.69,1388,802.1,1553437,1549846416.9,62379,PREMIERENE
2025-02-18,EQ,976.7,987,947.5,969.05,977,979.65,967.86,1388,802.1,1379669,1335320967.95,71795,PREMIERENE
2025-02-17,EQ,961,978,927.55,961.8,978,969.05,959.52,1388,802.1,1458839,1399778248.65,74917,PREMIERENE
2025-02-14,EQ,1014.9,1017.95,954.1,1000.25,966,961.8,976.01,1388,802.1,2295939,2240850281.05,76229,PREMIERENE
2025-02-13,EQ,976.15,1020.45,964.1,970.6,994,1000.25,1002.04,1388,802.1,1977917,1981949990.65,75117,PREMIERENE
2025-02-12,EQ,929.4,983.6,894.5,934.65,969,970.6,945.24,1388,802.1,3248435,3070549921.8,148150,PREMIERENE
2025-02-11,EQ,983.6,987.2,915,984.05,932,934.65,937.1,1388,802.1,1888494,1769702265.3,97267,PREMIERENE
2025-02-10,EQ,1028.55,1034.5,978.1,1036.45,980,984.05,999.27,1388,802.1,1145912,1145072919.2,63033,PREMIERENE
2025-02-07,EQ,1022.8,1042.4,1012.1,1021.95,1029,1036.45,1031.57,1388,802.1,1137893,1173812162.4,52652,PREMIERENE
2025-02-06,EQ,1028,1042.7,1015.2,1021,1020.05,1021.95,1028.25,1388,802.1,1089124,1119896267.4,50332,PREMIERENE
2025-02-05,EQ,1034.9,1048.35,1014.3,1019.25,1021.85,1021,1030.62,1388,802.1,1896868,1954958494.15,80310,PREMIERENE
2025-02-04,EQ,1145,1170,997.15,1070.4,1021.95,1019.25,1057.76,1388,802.1,9921270,10494310077.55,333096,PREMIERENE
2025-02-03,EQ,1079.85,1081.15,1017.5,1092.95,1073,1070.4,1053.25,1388,802.1,2453915,2584587256.3,118243,PREMIERENE
2025-02-01,EQ,1040,1118.1,1039,1032.05,1092,1092.95,1079.2,1388,802.1,3756879,4054419901.4,138304,PREMIERENE
2025-01-31,EQ,997.95,1049,976.55,949.5,1038,1032.05,1018.25,1388,802.1,5257280,5353224394.3,179012,PREMIERENE
2025-01-30,EQ,944,966.9,918,939.2,955,949.5,947.65,1388,802.1,2235479,2118442277.15,97837,PREMIERENE
2025-01-29,EQ,890.25,945.75,880.35,880.1,940,939.2,904.35,1388,802.1,4790205,4332028131.4,151465,PREMIERENE
2025-01-28,EQ,932.9,941.9,818,932.4,879.5,880.1,866.91,1388,802.1,5966126,5172118269.05,251631,PREMIERENE
2025-01-27,EQ,971.1,991.3,925.8,999.35,933,932.4,957.23,1388,802.1,2520932,2413099643.05,126585,PREMIERENE
2025-01-24,EQ,1042,1062.2,971.15,1036.45,999,999.35,1008.48,1388,802.1,2155689,2173976218.45,94552,PREMIERENE
2025-01-23,EQ,1030,1056.35,1011,1038.8,1039,1036.45,1032.48,1388,802.1,3033184,3131700231.75,140595,PREMIERENE
2025-01-22,EQ,1180,1180,1023.1,1176.05,1035,1038.8,1064.66,1388,802.1,3153329,3357231601,153972,PREMIERENE
2025-01-21,EQ,1192.75,1212,1170,1193.95,1175.65,1176.05,1187.06,1388,802.1,1158878,1375662492.85,79465,PREMIERENE
2025-01-20,EQ,1148,1199,1145.05,1140.9,1191,1193.95,1181.71,1388,802.1,1358542,1605408345.05,60692,PREMIERENE
2025-01-17,EQ,1169.1,1169.1,1134.25,1170.45,1144.85,1140.9,1146.49,1388,802.1,655244,751231872,35982,PREMIERENE
2025-01-16,EQ,1160,1183.5,1156.85,1147,1170,1170.45,1171.14,1388,802.1,1200386,1405820324.05,44943,PREMIERENE
2025-01-15,EQ,1166.1,1179,1126.65,1116,1146,1147,1152.02,1388,802.1,2772232,3193658918.75,106302,PREMIERENE
2025-01-14,EQ,1122,1137.3,1086.1,1095.9,1120,1116,1114.2,1388,802.1,1977483,2203318347.7,107495,PREMIERENE
2025-01-13,EQ,1115,1170.95,1090.55,1127.1,1099.5,1095.9,1132.37,1388,802.1,2321556,2628850193.8,102140,PREMIERENE
2025-01-10,EQ,1200,1209.8,1116,1212,1126,1127.1,1152.85,1388,802.1,2187068,2521371795.3,123413,PREMIERENE
2025-01-09,EQ,1252,1252,1201.15,1255.65,1204.15,1212,1220.06,1388,802.1,1242117,1515453868.2,66400,PREMIERENE
2025-01-08,EQ,1295,1304.9,1220.25,1305.15,1252.75,1255.65,1256.88,1388,802.1,1908335,2398544139.4,84206,PREMIERENE
2025-01-07,EQ,1280,1311,1271.25,1274.75,1308,1305.15,1294.74,1388,802.1,1112019,1439780742.05,48541,PREMIERENE
2025-01-06,EQ,1334,1339,1263.55,1324.7,1265,1274.75,1297.54,1388,802.1,1770229,2296937700.65,119828,PREMIERENE
2025-01-03,EQ,1336,1379,1317.3,1327.8,1326.95,1324.7,1354.27,1388,802.1,2433129,3295103587.6,85086,PREMIERENE
2025-01-02,EQ,1331.65,1341.6,1309.7,1332.6,1335.5,1327.8,1323.19,1388,802.1,1264813,1673588052,48490,PREMIERENE
2025-01-01,EQ,1357,1384,1325,1353.1,1329.8,1332.6,1353.64,1388,802.1,1609505,2178685700.6,61319,PREMIERENE
2024-12-31,EQ,1330,1360.05,1300,1334.6,1356,1353.1,1331.94,1388,802.1,1810356,2411286825.75,66506,PREMIERENE
2024-12-30,EQ,1310.5,1364.8,1297.5,1310.35,1335,1334.6,1338.66,1388,802.1,2341595,3134590016.9,76863,PREMIERENE
2024-12-27,EQ,1285,1324.8,1281.75,1285.95,1309,1310.35,1308.62,1388,802.1,1703857,2229692888.4,46337,PREMIERENE
2024-12-26,EQ,1328.8,1335,1274.8,1320.2,1285,1285.95,1301.86,1388,802.1,1910072,2486641046.7,56577,PREMIERENE
2024-12-24,EQ,1322.45,1338.5,1307.7,1321.65,1320,1320.2,1321.82,1388,802.1,1395348,1844404963.25,43463,PREMIERENE
2024-12-23,EQ,1312.4,1339,1284.8,1296.4,1318,1321.65,1312.67,1388,802.1,1909099,2506019999.65,54271,PREMIERENE
2024-12-20,EQ,1320.9,1355.05,1289,1295.4,1296.35,1296.4,1324.62,1388,802.1,3591672,4757594357.95,94302,PREMIERENE
2024-12-19,EQ,1259,1317.35,1252.1,1290.5,1297.9,1295.4,1294.98,1388,802.1,2151769,2786502030.65,61061,PREMIERENE
2024-12-18,EQ,1327.6,1333.3,1278,1323.95,1294.7,1290.5,1294.52,1388,802.1,2050792,2654800541.75,60755,PREMIERENE
2024-12-17,EQ,1373,1388,1320,1373.5,1324,1323.95,1355.75,1388,802.1,2517300,3412820608.5,66849,PREMIERENE
2024-12-16,EQ,1299.75,1381,1295.75,1294.85,1370.05,1373.5,1353.37,1381,802.1,5096000,6896769050.15,124634,PREMIERENE
2024-12-13,EQ,1307,1316.75,1264,1307.35,1293.25,1294.85,1288.14,1348.9,802.1,3163298,4074779842.7,93975,PREMIERENE
2024-12-12,EQ,1336.1,1348.9,1295,1329.15,1301,1307.35,1325.01,1348.9,802.1,3193266,4231095462.9,77540,PREMIERENE
2024-12-11,EQ,1290,1344.5,1290,1281.3,1324,1329.15,1321.73,1344.5,802.1,5097261,6737187396.4,115911,PREMIERENE
2024-12-10,EQ,1300,1334.85,1251.4,1291.6,1280,1281.3,1288.92,1334.85,802.1,4235642,5459387031.6,105056,PREMIERENE
2024-12-09,EQ,1267.6,1325,1265.05,1263.75,1294,1291.6,1299.66,1329,802.1,3827579,4974562510.2,92288,PREMIERENE
2024-12-06,EQ,1272.95,1304.1,1256.05,1273.4,1267.9,1263.75,1277.18,1329,802.1,3061584,3910189805.75,73693,PREMIERENE
2024-12-05,EQ,1302,1329,1259,1284.6,1267.4,1273.4,1295.44,1329,802.1,6023408,7802963827.3,134318,PREMIERENE
2024-12-04,EQ,1214,1296,1202.05,1214.8,1288,1284.6,1260,1296,802.1,6995299,8814087098.4,155953,PREMIERENE
2024-12-03,EQ,1246,1251.7,1195,1243.7,1210,1214.8,1215.56,1278,802.1,4478213,5443525400.1,111300,PREMIERENE
2024-12-02,EQ,1235,1278,1182.1,1222.95,1245,1243.7,1236.82,1278,802.1,7664138,9479137089.45,214678,PREMIERENE
2024-11-29,EQ,1142.75,1242,1125,1137.45,1241.4,1222.95,1186.04,1267.95,802.1,6446974,7646374246.25,128865,PREMIERENE
2024-11-28,EQ,1102.05,1168.8,1102.05,1111,1140.05,1137.45,1139.97,1267.95,802.1,5990868,6829424043.75,137920,PREMIERENE
2024-11-27,EQ,1111,1149,1093.1,1100.85,1114,1111,1120.25,1267.95,802.1,2506692,2808126313.3,63180,PREMIERENE
2024-11-26,EQ,1129,1137,1097,1095.9,1098.1,1100.85,1114.34,1267.95,802.1,2939791,3275935624.3,66291,PREMIERENE
2024-11-25,EQ,1087,1104.85,1052.2,1061.4,1102,1095.9,1082.67,1267.95,802.1,2663046,2883206321.4,73580,PREMIERENE
2024-11-22,EQ,1093,1109.9,1050,1085.45,1061.5,1061.4,1075.63,1267.95,802.1,2134800,2296261824.15,65469,PREMIERENE
2024-11-21,EQ,1081,1123,1067.65,1093.8,1081.75,1085.45,1093.02,1267.95,802.1,3480938,3804741635.35,90576,PREMIERENE
2024-11-19,EQ,1064.05,1137.9,1050,1085.1,1086.9,1093.8,1100.73,1267.95,802.1,5523677,6080066142.75,154867,PREMIERENE
2024-11-18,EQ,985,1097.9,969.45,968.95,1067,1085.1,1056.29,1267.95,802.1,6860406,7246581080.85,165939,PREMIERENE
2024-11-14,EQ,990,1009.2,957.1,982.7,970,968.95,982.85,1267.95,802.1,2200387,2162655698.75,65276,PREMIERENE
2024-11-13,EQ,1029,1049.95,975.05,1028.65,981.7,982.7,1006.62,1267.95,802.1,2890543,2909689555.65,101169,PREMIERENE
2024-11-12,EQ,1045.8,1086.3,1024.7,1040.6,1028,1028.65,1057.46,1267.95,802.1,3596126,3802775407.4,101518,PREMIERENE
2024-11-11,EQ,1100,1100,1001,1127.95,1040.05,1040.6,1036.98,1267.95,802.1,7238299,7505973501.95,204806,PREMIERENE
2024-11-08,EQ,1101.65,1143,1083.05,1093.1,1123.5,1127.95,1116.5,1267.95,802.1,3522594,3932980030.05,96066,PREMIERENE
2024-11-07,EQ,1165,1176.95,1085,1189.1,1095.95,1093.1,1128.94,1267.95,802.1,3856973,4354288029.3,116766,PREMIERENE
2024-11-06,EQ,1200,1245,1170,1168.15,1190.6,1189.1,1205.49,1267.95,802.1,7807522,9411861155.6,181560,PREMIERENE
2024-11-05,EQ,1073.65,1185,1061.35,1075.65,1179,1168.15,1143.44,1267.95,802.1,7614525,8706733022.5,221724,PREMIERENE
2024-11-04,EQ,1103.35,1119.65,1045,1075.95,1071.4,1075.65,1079.13,1267.95,802.1,3707097,4000434298.6,104520,PREMIERENE
2024-11-01,EQ,1033.8,1090,1032.55,1021.2,1086.05,1075.95,1066.57,1267.95,802.1,1301411,1388043904.2,35114,PREMIERENE
2024-10-31,EQ,1000.4,1034.4,998.05,1001.65,1029,1021.2,1016.33,1267.95,802.1,1803848,1833302272.85,62486,PREMIERENE
2024-10-30,EQ,950,1019.7,948.15,952.75,998,1001.65,999.33,1267.95,802.1,2344186,2342612273.65,89282,PREMIERENE
2024-10-29,EQ,964.85,968,945.9,960.25,951.9,952.75,954.4,1267.95,802.1,800779,764260467.25,32585,PREMIERENE
2024-10-28,EQ,952.85,982,922.85,945.05,960,960.25,955.38,1267.95,802.1,2051338,1959807453.7,71294,PREMIERENE
2024-10-25,EQ,985,992.45,925.1,978.35,945,945.05,947.76,1267.95,802.1,2223957,2107778559,78254,PREMIERENE
2024-10-24,EQ,1014.95,1018.5,975.05,998.85,979.85,978.35,994.95,1267.95,802.1,941634,936881507.1,32965,PREMIERENE
2024-10-23,EQ,1000,1034.8,991.75,997.65,999.9,998.85,1009.42,1267.95,802.1,1831265,1848520342.2,58334,PREMIERENE
2024-10-22,EQ,1048.9,1050.45,991,1042.3,1002,997.65,1014.33,1267.95,802.1,1319705,1338621603.4,50727,PREMIERENE
2024-10-21,EQ,1100,1106,1035.1,1094.65,1038.8,1042.3,1066.29,1267.95,802.1,1225626,1306872678.6,47973,PREMIERENE
2024-10-18,EQ,1076,1111.95,1055.1,1084.1,1087.3,1094.65,1087.05,1267.95,802.1,1676203,1822121634,77174,PREMIERENE
2024-10-17,EQ,1144.7,1144.7,1078.8,1135.35,1081,1084.1,1102.64,1267.95,802.1,1842194,2031280071.2,55168,PREMIERENE
2024-10-16,EQ,1135,1150.95,1125.7,1148.25,1128,1135.35,1136.99,1267.95,802.1,1369581,1557201464,42068,PREMIERENE
2024-10-15,EQ,1143,1166.6,1118.3,1133.6,1145.5,1148.25,1143,1267.95,802.1,2089567,2388380202.9,70587,PREMIERENE
2024-10-14,EQ,1120,1216.8,1120,1107.4,1133,1133.6,1167.17,1267.95,802.1,8088647,9440798219.2,190167,PREMIERENE
2024-10-11,EQ,1101.3,1119,1090.05,1105.7,1105.4,1107.4,1107.2,1267.95,802.1,1518596,1681383911.7,42507,PREMIERENE
2024-10-10,EQ,1085,1119.3,1069,1079.05,1101.3,1105.7,1101.34,1267.95,802.1,2442587,2690121958.55,82166,PREMIERENE
2024-10-09,EQ,1030.9,1087.8,1021.35,1014.3,1076.25,1079.05,1062.38,1267.95,802.1,4106614,4362793401.1,128052,PREMIERENE
2024-10-08,EQ,990,1022,973,997.2,1020,1014.3,1000.37,1267.95,802.1,2846197,2847261269.45,108305,PREMIERENE
2024-10-07,EQ,1045.75,1059.2,977.7,1047.4,988,997.2,1004.15,1267.95,802.1,2917540,2929647769.8,86524,PREMIERENE
2024-10-04,EQ,1066,1103.9,1030.3,1080.45,1039,1047.4,1072.46,1267.95,802.1,2277332,2442350162.8,52833,PREMIERENE
2024-10-03,EQ,1084,1093.65,1056.05,1109.35,1077.9,1080.45,1076.16,1267.95,802.1,3090856,3326241767.35,63500,PREMIERENE
2024-10-01,EQ,1080,1122,1068.15,1082.9,1101,1109.35,1100.6,1267.95,802.1,3881983,4272492537.55,85632,PREMIERENE
2024-09-30,EQ,1045,1091,1012.05,1051.65,1079.5,1082.9,1045.36,1267.95,802.1,4677852,4890062596.55,81868,PREMIERENE
2024-09-27,EQ,1035.1,1077,1032,1049.35,1049,1051.65,1052.29,1267.95,802.1,1876970,1975113365.25,45977,PREMIERENE
2024-09-26,EQ,1029,1086.35,1017,1036.35,1038,1049.35,1053.92,1267.95,802.1,3779481,3983271406.55,97805,PREMIERENE
2024-09-25,EQ,1070.3,1073,1024,1077.1,1029.9,1036.35,1043.74,1267.95,802.1,2041656,2130961865.05,65308,PREMIERENE
2024-09-24,EQ,1083.9,1087.85,1062.35,1090.9,1068,1077.1,1074.38,1267.95,802.1,1541568,1656232540.7,45642,PREMIERENE
2024-09-23,EQ,1116,1120,1080,1109.2,1081.95,1090.9,1095.28,1267.95,802.1,1625670,1780561540.4,46534,PREMIERENE
2024-09-20,EQ,1140,1140,1100.2,1099.1,1103.05,1109.2,1115.23,1267.95,802.1,1730908,1930361419.2,40579,PREMIERENE
2024-09-19,EQ,1145,1157.35,1075,1134.85,1091.25,1099.1,1111.62,1267.95,802.1,3699807,4112793207.8,106288,PREMIERENE
2024-09-18,EQ,1122.9,1148.6,1090,1113.3,1137.4,1134.85,1123.3,1267.95,802.1,3803064,4271980419.55,98804,PREMIERENE
2024-09-17,EQ,1104.5,1128.7,1082.65,1109.85,1105,1113.3,1109.36,1267.95,802.1,3828734,4247453523.85,86137,PREMIERENE
2024-09-16,EQ,1110,1124,1045,1112.15,1102.9,1109.85,1083.92,1267.95,802.1,5561217,6027909126.25,156215,PREMIERENE
2024-09-13,EQ,1142.9,1144,1096.45,1132.5,1107,1112.15,1116.41,1267.95,802.1,3507316,3915612595.35,84116,PREMIERENE
2024-09-12,EQ,1111,1157.7,1085,1098.1,1136.3,1132.5,1127.83,1267.95,802.1,8259315,9315137534.3,162498,PREMIERENE
2024-09-11,EQ,1154.2,1167.95,1082.65,1173.7,1096.5,1098.1,1124.75,1267.95,802.1,8804576,9902920429,208391,PREMIERENE
2024-09-10,EQ,1240,1267.95,1111.9,1208.65,1162,1173.7,1194.98,1267.95,802.1,22676122,27097459035.2,473316,PREMIERENE
2024-09-09,EQ,1120,1235,1105,1096.05,1219,1208.65,1163.26,1235,802.1,28659020,33337761956.9,683776,PREMIERENE
2024-09-06,EQ,1010,1188.9,982,1004.8,1104,1096.05,1114.19,1188.9,802.1,44767796,49879650282.2,854229,PREMIERENE
2024-09-05,EQ,856.1,1010.25,852.2,841.9,1006.1,1004.8,947.3,1010.25,802.1,36818046,34877720512.7,644192,PREMIERENE
2024-09-04,EQ,816.6,872.65,803.05,839.9,840.5,841.9,849.12,994.55,802.1,11523876,9785204045.3,288799,PREMIERENE
2024-09-03,EQ,990,994.55,802.1,450,838.9,839.9,887.06,994.55,802.1,58922092,52267137581.55,1142687,PREMIERENE
